[
  {
    "question": "মায়া সভ্যতাটি কোথায় আবিষ্কৃত হয়?",
    "options": {
      "A": "উত্তর আমেরিকায়",
      "B": "দক্ষিণ আমেরিকায়",
      "C": "মধ্য আফ্রিকায়",
      "D": "মধ্য আমেরিকায়"
    },
    "answer": "D",
    "explanation": "মায়া সভ্যতা মধ্য আমেরিকায় আবিষ্কৃত হয়।"
  },
  {
    "question": "ইনকা সভ্যতা কোন অঞ্চলে বিরাজমান ছিল?",
    "options": {
      "A": "দক্ষিণ আমেরিকা",
      "B": "আফ্রিকা",
      "C": "মধ্যপ্রাচ্য",
      "D": "ইউরোপ"
    },
    "answer": "A",
    "explanation": "ইনকা সভ্যতা দক্ষিণ আমেরিকা অঞ্চলে বিরাজমান ছিল।"
  },
  {
    "question": "মেসোপটেমীয় সভ্যতা কোথায় গড়ে উঠেছিল?",
    "options": {
      "A": "হোয়াংহো নদীর তীরে",
      "B": "ইয়াংসিকিয়াং নদীর তীরে",
      "C": "নীলনদের তীরে",
      "D": "টাইগ্রিস ও ইউফ্রেটিস নদীর তীরে"
    },
    "answer": "D",
    "explanation": "মেসোপটেমীয় সভ্যতা টাইগ্রিস ও ইউফ্রেটিস নদীর তীরে গড়ে উঠেছিল।"
  },
  {
    "question": "বিশ্বের সবচেয়ে প্রাচীন সভ্যতা কোথায় গড়ে উঠেছিল?",
    "options": {
      "A": "গ্রিসে",
      "B": "মেসোপটেমিয়ায়",
      "C": "রোমে",
      "D": "ভারতে"
    },
    "answer": "B",
    "explanation": "বিশ্বের সবচেয়ে প্রাচীন সভ্যতা মেসোপটেমিয়ায় গড়ে উঠেছিল।"
  },
  {
    "question": "'মেসোপটেমিয়া' এলাকার বেশির ভাগ বর্তমানে কোন দেশে?",
    "options": {
      "A": "ইরাক",
      "B": "ইরান",
      "C": "তুরস্ক",
      "D": "সিরিয়া"
    },
    "answer": "A",
    "explanation": "'মেসোপটেমিয়া' এলাকার বেশির ভাগ বর্তমানে ইরাকে অবস্থিত।"
  },
  {
    "question": "ক্যাটালন কোন দেশের ভাষা?",
    "options": {
      "A": "স্পেন",
      "B": "বেলজিয়াম",
      "C": "নাইজেরিয়া",
      "D": "মঙ্গোলিয়া"
    },
    "answer": "A",
    "explanation": "ক্যাটালন স্পেনের ভাষা।"
  },
  {
    "question": "'ব্যাবিলনের ঝুলন্ত উদ্যান' কোন দেশে অবস্থিত?",
    "options": {
      "A": "ইরান",
      "B": "ইরাক",
      "C": "মিশর",
      "D": "সিরিয়া"
    },
    "answer": "B",
    "explanation": "'ব্যাবিলনের ঝুলন্ত উদ্যান' ইরাকে অবস্থিত।"
  },
  {
    "question": "মেসোপটেমীয় সভ্যতা কোন দুটি নদীর তীরে গড়ে উঠেছিল?",
    "options": {
      "A": "নীলনদ ও সিন্ধু",
      "B": "গঙ্গা ও ব্রহ্মপুত্র",
      "C": "ইউফ্রেটিস ও টাইগ্রিস",
      "D": "হোয়াংহো ও ইয়াংসিকিয়াং"
    },
    "answer": "C",
    "explanation": "মেসোপটেমীয় সভ্যতা ইউফ্রেটিস ও টাইগ্রিস নদীর তীরে গড়ে উঠেছিল।"
  },
  {
    "question": "মেসোপটেমিয়া শব্দের অর্থ কী?",
    "options": {
      "A": "দুই পাহাড়ের মাঝের ভূমি",
      "B": "দুই নদীর তীরবর্তী অঞ্চল",
      "C": "উর্বর সমভূমি",
      "D": "প্রাচীন বাণিজ্য কেন্দ্র"
    },
    "answer": "B",
    "explanation": "মেসোপটেমিয়া শব্দের অর্থ হল ২ নদীর তীরবর্তী অঞ্চল।"
  },
  {
    "question": "মেসোপটেমীয় সভ্যতা কোন কোন অঞ্চলে বিস্তার লাভ করে?",
    "options": {
      "A": "শুধুমাত্র ইরাক",
      "B": "ইরাক ও মিশর",
      "C": "ইরাক, সিরিয়া, ইরান ও তুরস্ক",
      "D": "শুধুমাত্র সিরিয়া ও ইরান"
    },
    "answer": "C",
    "explanation": "মেসোপটেমীয় সভ্যতা ইরাক ছাড়াও সিরিয়া, ইরান ও তুরস্কের উর্বর অঞ্চলে বিস্তার লাভ করে।"
  },
  {
    "question": "মেসোপটেমীয় সভ্যতার পর্যায় কয়টি ছিল?",
    "options": {
      "A": "২টি",
      "B": "৩টি",
      "C": "৪টি",
      "D": "৫টি"
    },
    "answer": "C",
    "explanation": "মেসোপটেমীয় সভ্যতার ৪টি পর্যায় ছিলো: সুমেরীয়, ব্যাবিলনীয়, আসিরীয় এবং ক্যালেডীয় সভ্যতা।"
  },
  {
    "question": "মেসোপটেমীয় সভ্যতায় সবচেয়ে প্রাচীন সভ্যতা কোনটি?",
    "options": {
      "A": "ব্যাবিলনীয় সভ্যতা",
      "B": "আসিরীয় সভ্যতা",
      "C": "সুমেরীয় সভ্যতা",
      "D": "ক্যালেডীয় সভ্যতা"
    },
    "answer": "C",
    "explanation": "মেসোপটেমিয়ায় সবচেয়ে প্রাচীন যে সভ্যতা গড়ে উঠেছিল তা হলো সুমেরীয় সভ্যতা।"
  },
  {
    "question": "সুমেরীয়দের সবচেয়ে বড় ২টি আবিষ্কার কী?",
    "options": {
      "A": "লিখন পদ্ধতি ও স্থাপত্য",
      "B": "চাকা ও কিউনিফর্ম লিপি",
      "C": "কৃষি ও সেচ ব্যবস্থা",
      "D": "গণিত ও জ্যোতির্বিদ্যা"
    },
    "answer": "B",
    "explanation": "'V' আকৃতির কিউনিফর্ম লিপি এবং চাকার আবিষ্কার ছিলো সভ্যতায় সুমেরীয়দের সবচেয়ে বড় ২টি অবদান।"
  },
  {
    "question": "সুমেরীয়রা কোন দুটি জিনিস আবিষ্কারে অবদান রাখে?",
    "options": {
      "A": "চন্দ্রপঞ্জিকা ও জলঘড়ি",
      "B": "সূর্যঘড়ি ও মানচিত্র",
      "C": "কম্পাস ও দূরবীক্ষণ",
      "D": "ক্যালেন্ডার ও সেক্সট্যান্ট"
    },
    "answer": "A",
    "explanation": "সুমেরীয়রা উন্নত সেচ পদ্ধতির পাশাপাশি চন্দ্রপঞ্জিকা ও জলঘড়ি আবিষ্কারে অবদান রাখে।"
  },
  {
    "question": "কোন জাতি ব্যাবিলনীয় সভ্যতা গড়ে তুলেছিল?",
    "options": {
      "A": "গ্রিক",
      "B": "রোমান",
      "C": "আমোরাইট",
      "D": "পার্সিয়ান"
    },
    "answer": "C",
    "explanation": "মেসোপটেমিয়া অঞ্চলে আমোরাইট জাতিদের গড়ে তোলা নগরসভ্যতা ছিলো ব্যাবিলনীয় সভ্যতা।"
  },
  {
    "question": "মানব সভ্যতার প্রথম লিখিত আইন কে প্রণয়ন করেন?",
    "options": {
      "A": "প্লেটো",
      "B": "এরিস্টটল",
      "C": "হাম্মুরাবি",
      "D": "আলেকজান্ডার"
    },
    "answer": "C",
    "explanation": "ব্যাবিলনের আমোরাইট শাসক হাম্মুরাবি প্রণীত আইনই মানব সভ্যতার প্রথম লিখিত আইন।"
  },
  {
    "question": "কোন সভ্যতায় 'গিলগামেশ' মহাকাব্য রচিত হয়?",
    "options": {
      "A": "গ্রিক সভ্যতা",
      "B": "রোমান সভ্যতা",
      "C": "ব্যাবিলনীয় সভ্যতা",
      "D": "মিশরীয় সভ্যতা"
    },
    "answer": "C",
    "explanation": "মানব সভ্যতার অন্যতম প্রাচীন মহাকাব্য 'গিলগামেশ' কিউনিফর্ম ভাষায় ব্যাবিলনীয় সভ্যতাতেই রচিত হয়।"
  },

  {
    "question": "কোন সভ্যতা প্রথম লোহার তৈরি যুদ্ধাস্ত্র ব্যবহার করে সামরিক শক্তির উন্নয়ন ঘটায়?",
    "options": {
      "A": "মিশরীয় সভ্যতা",
      "B": "আসিরীয় সভ্যতা",
      "C": "ক্যালডীয় সভ্যতা",
      "D": "সিন্ধু সভ্যতা"
    },
    "answer": "B",
    "explanation": "আসিরীয়রা মানব সভ্যতার ইতিহাসে প্রথম লোহার তৈরি যুদ্ধাস্ত্র ব্যবহার করে সামরিক শক্তির উন্নয়ন ঘটায়।"
  },
  {
    "question": "বৃত্তকে প্রথম ৩৬০° কোণে বিভক্ত করে কোন সভ্যতা?",
    "options": {
      "A": "মিশরীয় সভ্যতা",
      "B": "আসিরীয় সভ্যতা",
      "C": "ক্যালডীয় সভ্যতা",
      "D": "সিন্ধু সভ্যতা"
    },
    "answer": "B",
    "explanation": "আসিরীয় সভ্যতা বৃত্তকে প্রথমবারের মত ৩৬০° কোণে বিভক্ত করে।"
  },
  {
    "question": "আসিরীয় সভ্যতা কত খ্রিস্টাব্দে ধ্বংসপ্রাপ্ত হয়?",
    "options": {
      "A": "৬১২ খ্রি.পূ.",
      "B": "৫৩৮ খ্রি.পূ.",
      "C": "২৭৫০ খ্রি.পূ.",
      "D": "৫০০০ খ্রি.পূ."
    },
    "answer": "A",
    "explanation": "আসিরীয় সভ্যতা ৬১২ খ্রিষ্টপূর্বাব্দে ধ্বংসপ্রাপ্ত হয়।"
  },
  {
    "question": "কোন সভ্যতা 'নতুন ব্যাবিলনীয় সভ্যতা' নামে পরিচিত?",
    "options": {
      "A": "মিশরীয় সভ্যতা",
      "B": "আসিরীয় সভ্যতা",
      "C": "ক্যালডীয় সভ্যতা",
      "D": "সিন্ধু সভ্যতা"
    },
    "answer": "C",
    "explanation": "ক্যালডীয়রা মানব সভ্যতার ইতিহাসে 'নতুন ব্যাবিলনীয় সভ্যতা' নামে পরিচিত।"
  },
  {
    "question": "'ব্যাবিলনের শূন্য উদ্যান' কে তৈরি করেন?",
    "options": {
      "A": "ফারাও খুফু",
      "B": "রাখালদাস বন্দোপাধ্যায়",
      "C": "নেবুচাঁদনেজার",
      "D": "হেরোডোটাস"
    },
    "answer": "C",
    "explanation": "ক্যালডীয় সভ্যতার প্রতিষ্ঠাতা রাজা নেবুচাঁদনেজার 'ব্যাবিলনের শূন্য উদ্যান' তৈরি করেন।"
  },
  {
    "question": "সপ্তাহে ৭ দিন এবং প্রতিদিনে ১২ জোড়া ঘণ্টা গণনা পদ্ধতি প্রথম কারা চালু করে?",
    "options": {
      "A": "মিশরীয়রা",
      "B": "আসিরীয়রা",
      "C": "ক্যালডীয়রা",
      "D": "সুমেরীয়রা"
    },
    "answer": "C",
    "explanation": "ক্যালডীয়রাই সর্বপ্রথম সপ্তাহে ৭দিন এবং প্রতিদিনে ১২ জোড়া ঘণ্টা গণনা পদ্ধতি চালু করে।"
  },
  {
    "question": "ক্যালডীয় সভ্যতা কত খ্রিস্টপূর্বাব্দে বিলুপ্ত হয়ে যায়?",
    "options": {
      "A": "৬১২",
      "B": "৫৩৮",
      "C": "২৭৫০",
      "D": "৩৫০০"
    },
    "answer": "B",
    "explanation": "পারস্যদের আক্রমণের ফলে ৫৩৮ খ্রিষ্টপূর্বাব্দে ক্যালডীয় সভ্যতা বিলুপ্ত হয়ে যায়।"
  },
  {
    "question": "নীল নদের তীরে কোন সভ্যতা গড়ে উঠেছিল?",
    "options": {
      "A": "সিন্ধু সভ্যতা",
      "B": "মিশরীয় সভ্যতা",
      "C": "ক্যালডীয় সভ্যতা",
      "D": "সুমেরীয় সভ্যতা"
    },
    "answer": "B",
    "explanation": "নীল নদের তীরে ৫০০০ খ্রিষ্টপূর্বাব্দে মিশরীয় সভ্যতা গড়ে উঠেছিলো।"
  },
  {
    "question": "প্রাচীন মিশরের রাজাদের কী বলা হত?",
    "options": {
      "A": "নেবুচাঁদনেজার",
      "B": "ফারাও",
      "C": "হেরোডোটাস",
      "D": "রাখালদাস বন্দোপাধ্যায়"
    },
    "answer": "B",
    "explanation": "প্রাচীন মিশরের রাজাদের বলা হত 'ফারাও'।"
  },
  {
    "question": "মিশরীয়রা মৃতদেহ সংরক্ষণের জন্য কী ব্যবহার করত?",
    "options": {
      "A": "পিরামিড",
      "B": "মমি",
      "C": "স্ফিংস",
      "D": "প্যাপিরাস"
    },
    "answer": "B",
    "explanation": "প্রাচীন মিশরের রাজাদের মৃতদেহ 'মমি' করে রাখার মাধ্যমে সংরক্ষিত রাখা হতো।"
  },
  {
    "question": "মিশরীয় সভ্যতার সবচেয়ে বিখ্যাত নিদর্শনের নাম কী?",
    "options": {
      "A": "স্ফিংস",
      "B": "পিরামিড",
      "C": "হায়ারোগ্লিফিক",
      "D": "প্যাপিরাস"
    },
    "answer": "B",
    "explanation": "পিরামিড মিশরীয় সভ্যতার সবচেয়ে বিখ্যাত নিদর্শন।"
  },
  {
    "question": "ফারাও খুফুর পিরামিড কোথায় অবস্থিত?",
    "options": {
      "A": "ইরাক",
      "B": "ইরান",
      "C": "মিশর",
      "D": "পাকিস্তান"
    },
    "answer": "C",
    "explanation": "ফারাও খুফুর পিরামিড মিশরের সর্ববৃহৎ পিরামিড।"
  },
  {
    "question": "স্ফিংস কী?",
    "options": {
      "A": "একটি নদীর নাম",
      "B": "একটি বন্দরের নাম",
      "C": "একটি ভাস্কর্য",
      "D": "একটি রাজার নাম"
    },
    "answer": "C",
    "explanation": "স্ফিংস হলো ফারাও এর মাথা ও সিংহের শরীরের আকৃতির সুবৃহৎ ভাস্কর্য।"
  },
  {
    "question": "মিশরীয়দের উদ্ভাবিত চিত্রলিপির নাম কী?",
    "options": {
      "A": "প্যাপিরাস",
      "B": "হায়ারোগ্লিফিক",
      "C": "কিউনিফর্ম",
      "D": "ব্রেইল"
    },
    "answer": "B",
    "explanation": "মিশরীয়দের উদ্ভাবিত চিত্রলিপির নাম 'হায়ারোগ্লিফিক'।"
  },
  {
    "question": "৩৬৫ দিনে ১ বছর এবং ৩০ দিনে ১ মাস - এই গণনা পদ্ধতি কারা আবিষ্কার করে?",
    "options": {
      "A": "সুমেরীয়রা",
      "B": "ক্যালডীয়রা",
      "C": "মিশরীয়রা",
      "D": "আসিরীয়রা"
    },
    "answer": "C",
    "explanation": "মিশরীয়রাই ৩৬৫ দিন ও ১২ মাসে ১ বছর এবং ৩০ দিনে ১ মাসের গণন পদ্ধতি আবিষ্কার করে।"
  },
  {
    "question": "বিখ্যাত ফারাও তুতেনখামেনের সমাধি কত সালে আবিষ্কৃত হয়?",
    "options": {
      "A": "১৯২২ সালে",
      "B": "১৯৯২ সালে",
      "C": "১৮২২ সালে",
      "D": "১৮৯২ সালে"
    },
    "answer": "B",
    "explanation": "বিখ্যাত ফারাও তুতেনখামেনের সমাধি ১৯৯২ সালে আবিষ্কৃত হয়।"
  },
  {
    "question": "কে মিশরকে নীল নদের দান হিসেবে উল্লেখ করেন?",
    "options": {
      "A": "হেরোডোটাস",
      "B": "প্লিনি",
      "C": "সক্রেটিস",
      "D": "এরিস্টটল"
    },
    "answer": "A",
    "explanation": "গ্রিক ইতিহাসবিদ হেরোডোটাস মিশরকে নীল নদের দান হিসেবে উল্লেখ করেন।"
  },
  {
    "question": "সিন্ধু সভ্যতা কোথায় গড়ে উঠেছিলো?",
    "options": {
      "A": "মিশরের নীল নদের তীরে",
      "B": "মেসোপটেমিয়ার টাইগ্রিস ও ইউফ্রেটিস নদীর তীরে",
      "C": "পাকিস্তানের মহেঞ্জোদারো ও হরপ্পাতে",
      "D": "গ্রিসের ক্রীট দ্বীপে"
    },
    "answer": "C",
    "explanation": "সিন্ধু সভ্যতা পাকিস্তানের মহেঞ্জোদারো ও হরপ্পাতে গড়ে উঠেছিলো।"
  },
  {
    "question": "সিন্ধু সভ্যতা কত খ্রিস্টপূর্বাব্দে গড়ে উঠেছিলো?",
    "options": {
      "A": "৫০০০",
      "B": "৩৫০০",
      "C": "২৭৫০",
      "D": "৬১২"
    },
    "answer": "B",
    "explanation": "সিন্ধু সভ্যতা ৩৫০০ খ্রিষ্টপূর্বাব্দে গড়ে উঠেছিলো।"
  },
  {
    "question": "সিন্ধু সভ্যতা কে বা কারা আবিষ্কার করেন?",
    "options": {
      "A": "হেরোডোটাস",
      "B": "ইবনে বতুতা",
      "C": "রাখালদাস বন্দোপাধ্যায়, দয়ারাম সাহনী ও স্যার জন মার্শাল",
      "D": "নেবুচাঁদনেজার"
    },
    "answer": "C",
    "explanation": "১৯২২ সালে রাখালদাস বন্দোপাধ্যায়, দয়ারাম সাহনী ও স্যার জন মার্শাল এই সভ্যতা আবিষ্কার করেন।"
  },
  {
    "question": "কোন সভ্যতার সাথে সুমেরীয় সভ্যতার মিল পাওয়া যায়?",
    "options": {
      "A": "মিশরীয় সভ্যতা",
      "B": "সিন্ধু সভ্যতা",
      "C": "ক্যালডীয় সভ্যতা",
      "D": "আসিরীয় সভ্যতা"
    },
    "answer": "B",
    "explanation": "সিন্ধু সভ্যতার সাথে সুমেরীয় সভ্যতার মিল আছে।"
  },
  {
    "question": "কোন সভ্যতা বাটখারা ব্যবহার করে ভর নির্ণয়ের পদ্ধতি উদ্ভাবন করে?",
    "options": {
      "A": "মিশরীয় সভ্যতা",
      "B": "সিন্ধু সভ্যতা",
      "C": "ক্যালডীয় সভ্যতা",
      "D": "রোমান সভ্যতা"
    },
    "answer": "B",
    "explanation": "সিন্ধু সভ্যতা বাটখারা ব্যবহার করে ভর নির্ণয়ের মত পরিমাপ পদ্ধতি উদ্ভাবন করে।"
  },
  {
    "question": "কীসের কারণে সিন্ধু সভ্যতার পতন ঘটে?",
    "options": {
      "A": "ভূমিকম্প",
      "B": "আর্যদের আক্রমণ",
      "C": "অগ্নিুৎপাত",
      "D": "রাজনৈতিক অস্থিরতা"
    },
    "answer": "B",
    "explanation": "প্রলয়ঙ্কারী বন্যা, আবহাওয়ার পরিবর্তন এবং আর্যদের আক্রমণে সিন্ধু সভ্যতার পতন ঘটে।"
  },
  {
    "question": "কত খ্রিস্টপূর্বাব্দে সিন্ধু সভ্যতার পতন ঘটে?",
    "options": {
      "A": "২৭৫০",
      "B": "৩৫০০",
      "C": "৫০০০",
      "D": "৬১২"
    },
    "answer": "A",
    "explanation": "খ্রিস্টপূর্ব ২৭৫০ অব্দে সিন্ধু সভ্যতার পতন ঘটে।"
  },
  {
    "question": "কোন দুটি প্রতিদ্বন্দ্বী প্রাচীন নগর রাষ্ট্রকে কেন্দ্র করে গ্রিক সভ্যতা গড়ে উঠেছিল?",
    "options": {
      "A": "এথেন্স ও রোম",
      "B": "স্পার্টা ও মিশর",
      "C": "এথেন্স ও স্পার্টা",
      "D": "রোম ও কার্থেজ"
    },
    "answer": "C",
    "explanation": "গ্রিক সভ্যতা এথেন্স ও স্পার্টা নামক দুটি প্রতিদ্বন্দ্বী নগর রাষ্ট্রকে কেন্দ্র করে গড়ে উঠেছিল।"
  },
  {
    "question": "গ্রিসের প্রধান শহর এথেন্সকে কেন্দ্র করে যে সংস্কৃতি গড়ে উঠেছিল, তাকে কী বলা হত?",
    "options": {
      "A": "হেলেনিক সংস্কৃতি",
      "B": "হেলেনিস্টিক সংস্কৃতি",
      "C": "গ্রিক সংস্কৃতি",
      "D": "প্রাচীন সংস্কৃতি"
    },
    "answer": "B",
    "explanation": "গ্রিসের প্রধান শহর এথেন্সকে কেন্দ্র করে যে সংস্কৃতি গড়ে উঠেছিল তাকে হেলেনিস্টিক সংস্কৃতি বলা হত।"
  },
  {
    "question": "হেলেনিস্টিক সংস্কৃতিতে কোন সংস্কৃতির মিশ্রণ ঘটেছিল?",
    "options": {
      "A": "শুধুমাত্র গ্রিক সংস্কৃতি",
      "B": "গ্রিক ও রোমান সংস্কৃতি",
      "C": "গ্রিক ও মিশরীয় সংস্কৃতি",
      "D": "গ্রিক ও অগ্রিক সংস্কৃতি"
    },
    "answer": "D",
    "explanation": "হেলেনিস্টিক সংস্কৃতিতে গ্রিক ও অগ্রিক সংস্কৃতির মিশ্রণ ঘটেছিল।"
  },
  {
    "question": "প্রাচীন গ্রিসে দর্শনচর্চায় কারা অবদান রেখেছেন?",
    "options": {
      "A": "সক্রেটিস",
      "B": "প্লেটো",
      "C": "এরিস্টটল",
      "D": "উপরের সকলে"
    },
    "answer": "D",
    "explanation": "সক্রেটিস, প্লেটো এবং এরিস্টটল তিনজনই প্রাচীন গ্রিসে দর্শনচর্চায় অবদান রেখেছেন।"
  },
  {
    "question": "হোমারের বিখ্যাত মহাকাব্যদ্বয়ের নাম কি?",
    "options": {
      "A": "ইলিয়াড ও ওডিসি",
      "B": "রামায়ণ ও মহাভারত",
      "C": "ইনিড ও ওডিসি",
      "D": "কোনটিই নয়"
    },
    "answer": "A",
    "explanation": "হোমারের বিখ্যাত মহাকাব্যদ্বয়ের নাম হল ইলিয়ড ও ওডিসি।"
  },
  {
    "question": "গ্রিকদের প্রধান দেবতা কে ছিলেন?",
    "options": {
      "A": "আফ্রোডায়িটি",
      "B": "অ্যাপোলো",
      "C": "জিউস",
      "D": "আরটেমিস"
    },
    "answer": "C",
    "explanation": "গ্রিকদের প্রধান দেবতা ছিলেন জিউস।"
  },
  {
    "question": "নিচের কোনটি গ্রিক সভ্যতার অবদান?",
    "options": {
      "A": "গণতন্ত্র",
      "B": "প্রথম মানচিত্র",
      "C": "স্বরবর্ণের সংযুক্তি",
      "D": "উপরের সবগুলো"
    },
    "answer": "D",
    "explanation": "গণতন্ত্র, পৃথিবীর প্রথম মানচিত্র এবং ব্যঞ্জনবর্ণের সাথে স্বরবর্ণের সংযুক্তি - এই সবগুলোই গ্রিক সভ্যতার অবদান।"
  },
  {
    "question": "হিব্রু সভ্যতা কোন নগরীকে কেন্দ্র করে গড়ে উঠেছিল?",
    "options": {
      "A": "এথেন্স",
      "B": "জেরুজালেম",
      "C": "স্পার্টা",
      "D": "রোম"
    },
    "answer": "B",
    "explanation": "হিব্রু সভ্যতা জেরুজালেম নগরীকে কেন্দ্র করে গড়ে উঠেছিল।"
  },
  {
    "question": "হিব্রু ভাষার আক্ষরিক অর্থ কী?",
    "options": {
      "A": "যোদ্ধা",
      "B": "কৃষক",
      "C": "যাযাবর",
      "D": "বণিক"
    },
    "answer": "C",
    "explanation": "হিব্রু ভাষার আক্ষরিক অর্থ হল যাযাবর বা নিম্নশ্রেনি।"
  },
  {
    "question": "হিব্রু সভ্যতার প্রধান অবদান কোন ক্ষেত্রে ছিল?",
    "options": {
      "A": "রাজনৈতিক",
      "B": "অর্থনৈতিক",
      "C": "সাংস্কৃতিক",
      "D": "ধর্মীয়"
    },
    "answer": "D",
    "explanation": "হিব্রু সভ্যতার প্রধান অবদান ছিল ধর্মীয় ক্ষেত্রে।"
  },
  {
    "question": "হিব্রু সভ্যতায় প্রথম কিসের উদ্ভব হয়?",
    "options": {
      "A": "বহু ঈশ্বরবাদ",
      "B": "এক ঈশ্বরবাদ",
      "C": "নিরীশ্বরবাদ",
      "D": "প্রকৃতিবাদ"
    },
    "answer": "B",
    "explanation": "হিব্রু সভ্যতাতেই প্রথম এক ঈশ্বরবাদের উদ্ভব হয়।"
  },
  {
    "question": "প্রাচীনকালে বর্তমান ইরান কী নামে পরিচিত ছিল?",
    "options": {
      "A": "মেসোপটেমিয়া",
      "B": "পারস্য",
      "C": "মিশর",
      "D": "গ্রিস"
    },
    "answer": "B",
    "explanation": "প্রাচীনকালে বর্তমান ইরান পারস্য নামে পরিচিত ছিল।"
  },
  {
    "question": "পারস্য সভ্যতার প্রথম সাম্রাজ্যের নাম কী ছিল?",
    "options": {
      "A": "আকেমেনিদ সাম্রাজ্য",
      "B": "রোমান সাম্রাজ্য",
      "C": "মিশরীয় সাম্রাজ্য",
      "D": "গ্রিক সাম্রাজ্য"
    },
    "answer": "A",
    "explanation": "পারস্য সভ্যতার প্রথম সাম্রাজ্যের নাম ছিল একমেনিড সাম্রাজ্য।"
  },
  {
    "question": "সাইরাস দ্যা গ্রেট কোন সাম্রাজ্যের প্রথম শাসক ছিলেন?",
    "options": {
      "A": "মিশরীয় সাম্রাজ্য",
      "B": "রোমান সাম্রাজ্য",
      "C": "আকেমেনিদ সাম্রাজ্য",
      "D": "গ্রিক সাম্রাজ্য"
    },
    "answer": "C",
    "explanation": "সাইরাস দ্যা গ্রেট আকেমেনিদ সাম্রাজ্যের প্রথম শাসক ছিলেন।"
  },
  {
    "question": "জরথ্রুস্টবাদ কোন সভ্যতার ধর্ম?",
    "options": {
      "A": "গ্রিক সভ্যতা",
      "B": "মিশরীয় সভ্যতা",
      "C": "পারস্য সভ্যতা",
      "D": "রোমান সভ্যতা"
    },
    "answer": "C",
    "explanation": "জরথ্রুস্টবাদ পারস্য সভ্যতার ধর্ম।"
  },
  {
    "question": "জরথ্রুস্টবাদের সর্বোচ্চ শক্তিমান প্রভুর নাম কী?",
    "options": {
      "A": "জিউস",
      "B": "আহুরা মাজদা",
      "C": "অ্যাপোলো",
      "D": "পোসাইডন"
    },
    "answer": "B",
    "explanation": "জরথ্রুস্টবাদের সর্বোচ্চ শক্তিমান প্রভুর নাম 'আহুরা মাজদা'। "
  },
  {
    "question": "কোন সম্রাটের সময় পারস্য সভ্যতা তার সর্বোচ্চ শিখরে উন্নীত হয়?",
    "options": {
      "A": "সাইরাস দ্যা গ্রেট",
      "B": "দারিয়াস",
      "C": "জেরক্সিস",
      "D": "আলেকজান্ডার"
    },
    "answer": "B",
    "explanation": "সম্রাট দারিয়ুসের সময় পারস্য সভ্যতা তার সর্বোচ্চ শিখরে উন্নীত হয়।"
  },
  {
    "question": "ফিনিশীয় সভ্যতা কোথায় গড়ে উঠেছিল?",
    "options": {
      "A": "ভূমধ্যসাগরের পূর্বে",
      "B": "ভূমধ্যসাগরের উত্তরে",
      "C": "ভূমধ্যসাগরের দক্ষিণে",
      "D": "ভূমধ্যসাগরের পশ্চিমে"
    },
    "answer": "A",
    "explanation": "লেবানন ও ভূমধ্যসাগরের মধ্যবর্তী অঞ্চলে ফিনিশীয় সভ্যতা গড়ে উঠেছিল।"
  },
  {
    "question": "কোন সভ্যতা শ্রেষ্ঠ নাবিক ও জাহাজ নির্মাতা হিসেবে পরিচিত?",
    "options": {
      "A": "গ্রিক সভ্যতা",
      "B": "ফিনিশীয় সভ্যতা",
      "C": "পারস্য সভ্যতা",
      "D": "রোমান সভ্যতা"
    },
    "answer": "B",
    "explanation": "ফিনিশীয়রা সভ্যতার ইতিহাসে শ্রেষ্ঠতম নাবিক ও জাহাজ নির্মাতা হিসেবে বিখ্যাত ছিল।"
  },
  {
    "question": "ফিনিশীয়রা কয়টি ব্যঞ্জনবর্ণের বর্ণমালা উদ্ভাবন করে?",
    "options": {
      "A": "২২টি",
      "B": "২৬টি",
      "C": "৩০টি",
      "D": "৩৫টি"
    },
    "answer": "A",
    "explanation": "ফিনিশীয়রা ২২টি ব্যঞ্জনবর্ণের বর্ণমালা উদ্ভাবন করে।"
  },
  {
    "question": "কাগজ, কলম ও কালীর ব্যবহার ইউরোপীয়রা কাদের থেকে শিখেছিল?",
    "options": {
      "A": "গ্রিক",
      "B": "মিশরীয়",
      "C": "ফিনিশীয়",
      "D": "রোমান"
    },
    "answer": "C",
    "explanation": "কাগজ, কলম ও কালীর ব্যবহার ইউরোপীয়রা ফিনিশীয়দের থেকে শিখেছিল।"
  },
  {
    "question": "UNESCO কত সালে ফিনিশীয় ভাষাকে 'Memory of the World Register' এ নিবন্ধিত করে?",
    "options": {
      "A": "২০০২",
      "B": "২০০৩",
      "C": "২০০৪",
      "D": "২০০৫"
    },
    "answer": "D",
    "explanation": "২০০৫ সালে UNESCO ফিনিশীয় ভাষাকে \"International Documentary Heritage\" হিসেবে 'Memory of the World Register' এ নিবন্ধিত করে।"
  }
]